excel_row,column,before,after
9,pollinators (AF),"DIPTERA: Eristalis rupium, E. austriaca, Platycheirus albimanus, Chrysotoxum festivum, Syrphus ribesii (Syprphidae), Musca autumnalis, M. corvina (Muscidae).  HYMENOPTERA: Andrena albicans, A. bicolor, A. bucephala, A. carantonica, A. chrysosceles, A. cineraria, A. flavipes, A. florea A. fucata, A. jacobi, A. haemorrhoa, A. helvola, A. jacobi, A. lapponica, A. limata, A. nigroaenea, A. nitida, A. praecox, A. rogenhoferi, A. subopaca, A. taraxaci, A. tibialis (Andrenidae);  Nomada panzeri (Apidae);  Colletes cunicularis (Colletidae);  Halcitus rubicundus, H. tumulorum, Lasioglossum albipes, L. bavaricum, L. bluethgeni, L. morio, L. calceatum, L. fratellum, L. fulvicorne, L. laevigatum, L. leucozonium, L. marginatum, L. morio, L. quadrinotatum (Halictidae);  Hoplocampa plagiata (Tenthredinidae). ","DIPTERA: Eristalis rupium, E. austriaca, Platycheirus albimanus, Chrysotoxum festivum, Syrphus ribesii (Syprphidae), Musca autumnalis, M. corvina (Muscidae).  HYMENOPTERA: Andrena albicans, A. bicolor, A. bucephala, A. carantonica, A. chrysosceles, A. cineraria, A. flavipes, A. florea A. fucata, A. jacobi, A. haemorrhoa, A. helvola, A. jacobi, A. lapponica, A. limata, A. nigroaenea, A. nitida, A. praecox, A. rogenhoferi, A. subopaca, A. taraxaci, A. tibialis (Andrenidae);  Nomada panzeri (Apidae);  Colletes cunicularis (Colletidae);  Halictus rubicundus, H. tumulorum, Lasioglossum albipes, L. bavaricum, L. bluethgeni, L. morio, L. calceatum, L. fratellum, L. fulvicorne, L. laevigatum, L. leucozonium, L. marginatum, L. morio, L. quadrinotatum (Halictidae);  Hoplocampa plagiata (Tenthredinidae). "
11,pollinators (AF),"DIPTERA:  Toxomerus marginatus (Syrphidae).  HEMIPTERA:  Cosmopepla lintneriana (Pentatomidae).  HYMENOPTERA:   Andrena placida (Andrenidae);  Apis mellifera, Certaina calcarata, C. dupla (Apidae);  Augochlorella striata, Halictus confusus, H. ligatus, Lasioglossum anomalum, L. cressoni, L. rohweri, L. cinctipes, L. atlanticus, L.. pilosus (Halictidae).  ","DIPTERA:  Toxomerus marginatus (Syrphidae).  HEMIPTERA:  Cosmopepla lintneriana (Pentatomidae).  HYMENOPTERA:   Andrena placida (Andrenidae);  Apis mellifera, Ceratina calcarata, C. dupla (Apidae);  Augochlorella striata, Halictus confusus, H. ligatus, Lasioglossum anomalum, L. cressoni, L. rohweri, L. cinctipes, L. atlanticus, L.. pilosus (Halictidae).  "
19,pollinators (AF),"HYEMNOPTERA:  Anthophora abrupta, A. bomboides (Apidae);  Lasioglossum coriaceum, L. obscurum (Halictidae).","HYMENOPTERA:  Anthophora abrupta, A. bomboides (Apidae);  Lasioglossum coriaceum, L. obscurum (Halictidae)."
135,pollinators (AF),"DIPTERA: Eristalis tenax, E. cerealis, Criorhina sp. (Syriphidae).  HYMENOPTERA:  Bombus patagiatus (Apidae)","DIPTERA: Eristalis tenax, E. cerealis, Criorhina sp. (Syrphidae).  HYMENOPTERA:  Bombus patagiatus (Apidae)"
190,pollinators (AF),DIPTERA:  Empis spp. (Empidae); Ocyptamus cooeruleus (Syrphidae).  HYMENOPTERA:   Andrena sp. (Andrenidae),DIPTERA:  Empis spp. (Empididae); Ocyptamus cooeruleus (Syrphidae).  HYMENOPTERA:   Andrena sp. (Andrenidae)
312,pollinators (AF),LEPIDOPTERA:   Euphyes leptosema (Hesperidae);  Heliconius erato (Nymphalidae),LEPIDOPTERA:   Euphyes leptosema (Hesperiidae);  Heliconius erato (Nymphalidae)
340,pollinators (AF),"LEPIDOPTERA:  Sphingidae, Hesperidae","LEPIDOPTERA:  Sphingidae, Hesperiidae"
353,pollinators (AF),"AVES: Elvira cupreiceps (Trochilidae).  LEPIDOPTERA: Papilio polyxenes, P. arcas (Papilionidae);  Ascia monuste, Eurema daira (Pieridae);  Anartia fatima, A. jatrophe, Agraulis vanillae, Closyne sp, Phyciodes claudina (Nymphaidae);  Danaus gilippus, D. plexippus (Danaidae). ","AVES: Elvira cupreiceps (Trochilidae).  LEPIDOPTERA: Papilio polyxenes, P. arcas (Papilionidae);  Ascia monuste, Eurema daira (Pieridae);  Anartia fatima, A. jatrophe, Agraulis vanillae, Closyne sp, Phyciodes claudina (Nymphalidae);  Danaus gilippus, D. plexippus (Danaidae). "
395,pollinators (AF),HYMENOPTERA:  Campsomeris columba (Scolidae wasp),HYMENOPTERA:  Campsomeris columba (Scoliidae wasp)
659,pollinators (AF),DIPTERA:  Bactrocera caudata (Tephrididae),DIPTERA:  Bactrocera caudata (Tephritidae)
662,pollinators (AF),DIPTERA:  Bactrocera (Tephrididae),DIPTERA:  Bactrocera (Tephritidae)
685,pollinators (AF),DIPTERA:  Syrphidae; Bactrocera (Tephrididae),DIPTERA:  Syrphidae; Bactrocera (Tephritidae)
686,pollinators (AF),DIPTERA:  Bactrocera (Tephrididae),DIPTERA:  Bactrocera (Tephritidae)
688,pollinators (AF),"DIPTERA:  Bactrocera albistragata, B. caudata (Tephrididae)","DIPTERA:  Bactrocera albistragata, B. caudata (Tephritidae)"
694,pollinators (AF),DIPTERA:  Bactrocera (Tephrididae),DIPTERA:  Bactrocera (Tephritidae)
698,pollinators (AF),DIPTERA:  Bactrocera (Tephrididae),DIPTERA:  Bactrocera (Tephritidae)
702,pollinators (AF),"DIPTERA:  Bactrocera sp., Zeugodacus hochii, Z. cucurbitae (Tephrididae)","DIPTERA:  Bactrocera sp., Zeugodacus hochii, Z. cucurbitae (Tephritidae)"
716,pollinators (AF),DIPTERA:  Bactrocera (Tephrididae),DIPTERA:  Bactrocera (Tephritidae)
734,pollinators (AF),"DIPTERA:  Bactrocera carambolae, B. cf. perpusilla, B. papayae, B. dorsalis, B. cucurbitae (Tephrididae)","DIPTERA:  Bactrocera carambolae, B. cf. perpusilla, B. papayae, B. dorsalis, B. cucurbitae (Tephritidae)"
754,pollinators (AF),DIPTERA:  Bactrocera (Tephrididae),DIPTERA:  Bactrocera (Tephritidae)
764,pollinators (AF),DIPTERA:  Bactrocera dorsalis (Tephrididae fruit flies) ,DIPTERA:  Bactrocera dorsalis (Tephritidae fruit flies) 
817,pollinators (AF),HYMENOPTERA: Ctenooplectra cornuta (Apidae),HYMENOPTERA: Ctenoplectra cornuta (Apidae)
825,pollinators (AF),HYMENOPTERA: Ctenooplectra cornuta (Apidae),HYMENOPTERA: Ctenoplectra cornuta (Apidae)
868,pollinators (AF),HYMENOPTERA:  Hyaelus albonitens ( Colletidae ),HYMENOPTERA:  Hylaeus albonitens ( Colletidae )
925,pollinators (AF),DIPTERA:  Hylemyia juvinalis (Anthomyidae),DIPTERA:  Hylemyia juvinalis (Anthomyiidae)
952,pollinators (AF),HYMENOPTERA:  Bombus lucorum (Apidae);  Halictis malachurus (Halictidae);  Andrena (Andrenidae);  Dolerus sp. (Tenthredionidae sawflies),HYMENOPTERA:  Bombus lucorum (Apidae);  Halictis malachurus (Halictidae);  Andrena (Andrenidae);  Dolerus sp. (Tenthredinidae sawflies)
965,pollinators (AF),"DIPTERA:  Idiella cf. mandarina (Calliphridae);  Sepedon sp. (Sciomyzidae);  Ceriana aff. Triangulifera, Eumerus af. Figurans, Graptomyza sp. Allograpta javana, Episyrphus alternans, Melanostoma orientale, Paragus atratus, P. tibialis, Sphaerophoria macrogaster (Syrphidae);  HEMIPTERA:  Arbela sp. (Nabidae).  HYMENOPTERA:  Tetragonula laeviceps T. testaceitarsis (Apidae); Halictidae; Goryphus cf. rufobasalis, Apphua sp.,  (Ichneumonidae);  Pompilid sp.; Ectemnius (Sphecidae);  Apodynerus troglodytes , Tropidodynerus fraternus , Polybioides gracils, Ropalidia stigma (Vespidae).  ORTHOPTERA:  Homoeoxipha lycoides (Gryllidae) crickets","DIPTERA:  Idiella cf. mandarina (Calliphoridae);  Sepedon sp. (Sciomyzidae);  Ceriana aff. Triangulifera, Eumerus af. Figurans, Graptomyza sp. Allograpta javana, Episyrphus alternans, Melanostoma orientale, Paragus atratus, P. tibialis, Sphaerophoria macrogaster (Syrphidae);  HEMIPTERA:  Arbela sp. (Nabidae).  HYMENOPTERA:  Tetragonula laeviceps T. testaceitarsis (Apidae); Halictidae; Goryphus cf. rufobasalis, Apphua sp.,  (Ichneumonidae);  Pompilid sp.; Ectemnius (Sphecidae);  Apodynerus troglodytes , Tropidodynerus fraternus , Polybioides gracils, Ropalidia stigma (Vespidae).  ORTHOPTERA:  Homoeoxipha lycoides (Gryllidae) crickets"
974,pollinators (AF),"COLEOPTERA: Adrastus pallens (Elateridae); Cantharis thoracica, Rhagonycha fulva (Cantharidae); Gaurotes virginea, Pseudovadonia livida (Cerambycidae); Cochinella septempunctata, Harmonia aaxyridis, Propylea quatuordecimpunctata, Scymnus frontalis, Tytthaspis sedecimpunctata (Coccinellidae); Crepidodera ferruginea, Chrysolopus auratus (Curculionidae); Malachius bipustulatus (Melyridae); Nacerda ustulata, Oedemera nobilis, O. femorata (Oedemeridae); Smaragdina xanthaspis (Chrysomelidae).  DIPTERA: Melanagromyza aeneiventris (Agromyzidae flies); Delia platura, Nupedia aetiva, Pegoplata aestiva, Pegohylemyia brunneilinea (Anthomyiidae); Hemipenthes morio, H. maurus (Bombyliidae flies); Calliphora vicina, Lucilia ilustris, Onesia sepulchralis (Calliphoridae); Coelopa frigida (Coelopid flies), Cetema cereis, Oscinella maura (Chloropidae); Empis livida, Phyllodromia melanocephala, Rhamphomyia caliginosa (Empidae); Hybos culiciformis (Hyboiidae); Fannia serena, Morellia simplex, Opsolasia ctenocnema, Phaonia incana (Muscidae); Opomyza germinationis (Opomyzidae); Morinia nana (Polleniidae); Rhinophora lepida (Rhinophoridae); Sarcophaga carnosa, S. dissimilis (Sarcophagidae fly); Scathophaga stercoraria (Scathophagidae); Sciara thomae (Sciaridae); Sepsis cynipsea, S. neocynipsea (Sepsidae); Chloromyia formosa, Stratiomys furcata, S. singularior (Stratiomyidae); Chrysotoxum bicinctum, Episyrphus balteata, Eristalis tenax, Eumerus strigatus, Eupeodes lapponicus, E. lundbecki, Helophilus pendulus; Lejogaster metallina, Neoascia dispar, N. podagrica, Paragus haemorrhous, P. tibialis, Platycheirus scutatus, Sphaerophoria abbreviata, S. scripta, Syritta pipiens, Syrphus ribesii, S. torvus, S. vitripennis, Syrrita pipiens (Syrphidae); Loewia phaeoptera, Macquartia tenebricosa, Phryxe vulgaris (Tachinidae); Oxyna flavipennis (Tephritidae); Herina frondescentiae (Ullidiidae).  HEMPTERIA: Plagiognathus arbustorum (Miridae).  HYMENOPTERA: Andrena bicolor, A. fucata, A. haemorrhoa (Andrinidae); Apis mellifera, Bombus pascuorum, B. pratorum, B. lucorum, B. hypnorum, B. lapidarius (Apidae); Microchelonus erosus (Braconidae wasps); Chrysura neglecta, Holopyga ovata, Mimesa rufa (Chrysididae wasps); Hylaeus annulatus, H. brevicornis, H. gibbus, H. gracilicornis, H. minutus, H. perplexus (Colletidae); Cerceris rybyensis, C. quinquefasciata, Cabro brevis, C. cribrarius, Ectemnius confinis, E. continuus, E. lapidarius, Gorytes quinquecinctus, Passaloecus insignis, Pemphredon sp., Rhopalum clavipes (Crabronidae wasps), Formica cunicularia, F. fusca, F. rufibarbis, F. polyctena, Lasius niger, Myrmica rubra, M. ruginodis (Formicidae); Halictus tumulorum, Lasioglossum albipes, L. calceatum, L. fulvicorne, L. malachurum, L. morio, L. pauxillum, L. politum, L. zonulum, Sphecodes ephippius (Halictidae); Bathythrix geniculosus, Cratichneumon culex, Itoplectis viduata (Ichneumonidae);  Anoplius nigerrimus, Arachnospila spissa (Pompylidae); Tenthredopsis nassata (Tenthredinidae); Alastor biegelebeni, Ancistrocerus parietinus, A. oviventris, A. ichneumonideus, A. trifasciatus, Dolichvespula norwegica, Euodynerus quadrifasciatus, Eumenes pedunculatus, Polistes biglumis, P. bischoffi, Symmorphus mutinensis, S. bifasciatus, Vespa brevis (Vespidae). ","COLEOPTERA: Adrastus pallens (Elateridae); Cantharis thoracica, Rhagonycha fulva (Cantharidae); Gaurotes virginea, Pseudovadonia livida (Cerambycidae); Cochinella septempunctata, Harmonia aaxyridis, Propylea quatuordecimpunctata, Scymnus frontalis, Tytthaspis sedecimpunctata (Coccinellidae); Crepidodera ferruginea, Chrysolopus auratus (Curculionidae); Malachius bipustulatus (Melyridae); Nacerda ustulata, Oedemera nobilis, O. femorata (Oedemeridae); Smaragdina xanthaspis (Chrysomelidae).  DIPTERA: Melanagromyza aeneiventris (Agromyzidae flies); Delia platura, Nupedia aetiva, Pegoplata aestiva, Pegohylemyia brunneilinea (Anthomyiidae); Hemipenthes morio, H. maurus (Bombyliidae flies); Calliphora vicina, Lucilia ilustris, Onesia sepulchralis (Calliphoridae); Coelopa frigida (Coelopid flies), Cetema cereis, Oscinella maura (Chloropidae); Empis livida, Phyllodromia melanocephala, Rhamphomyia caliginosa (Empididae); Hybos culiciformis (Hyboiidae); Fannia serena, Morellia simplex, Opsolasia ctenocnema, Phaonia incana (Muscidae); Opomyza germinationis (Opomyzidae); Morinia nana (Polleniidae); Rhinophora lepida (Rhinophoridae); Sarcophaga carnosa, S. dissimilis (Sarcophagidae fly); Scathophaga stercoraria (Scathophagidae); Sciara thomae (Sciaridae); Sepsis cynipsea, S. neocynipsea (Sepsidae); Chloromyia formosa, Stratiomys furcata, S. singularior (Stratiomyidae); Chrysotoxum bicinctum, Episyrphus balteata, Eristalis tenax, Eumerus strigatus, Eupeodes lapponicus, E. lundbecki, Helophilus pendulus; Lejogaster metallina, Neoascia dispar, N. podagrica, Paragus haemorrhous, P. tibialis, Platycheirus scutatus, Sphaerophoria abbreviata, S. scripta, Syritta pipiens, Syrphus ribesii, S. torvus, S. vitripennis, Syrrita pipiens (Syrphidae); Loewia phaeoptera, Macquartia tenebricosa, Phryxe vulgaris (Tachinidae); Oxyna flavipennis (Tephritidae); Herina frondescentiae (Ulidiidae).  HEMIPTERA: Plagiognathus arbustorum (Miridae).  HYMENOPTERA: Andrena bicolor, A. fucata, A. haemorrhoa (Andrenidae); Apis mellifera, Bombus pascuorum, B. pratorum, B. lucorum, B. hypnorum, B. lapidarius (Apidae); Microchelonus erosus (Braconidae wasps); Chrysura neglecta, Holopyga ovata, Mimesa rufa (Chrysididae wasps); Hylaeus annulatus, H. brevicornis, H. gibbus, H. gracilicornis, H. minutus, H. perplexus (Colletidae); Cerceris rybyensis, C. quinquefasciata, Cabro brevis, C. cribrarius, Ectemnius confinis, E. continuus, E. lapidarius, Gorytes quinquecinctus, Passaloecus insignis, Pemphredon sp., Rhopalum clavipes (Crabronidae wasps), Formica cunicularia, F. fusca, F. rufibarbis, F. polyctena, Lasius niger, Myrmica rubra, M. ruginodis (Formicidae); Halictus tumulorum, Lasioglossum albipes, L. calceatum, L. fulvicorne, L. malachurum, L. morio, L. pauxillum, L. politum, L. zonulum, Sphecodes ephippius (Halictidae); Bathythrix geniculosus, Cratichneumon culex, Itoplectis viduata (Ichneumonidae);  Anoplius nigerrimus, Arachnospila spissa (Pompilidae); Tenthredopsis nassata (Tenthredinidae); Alastor biegelebeni, Ancistrocerus parietinus, A. oviventris, A. ichneumonideus, A. trifasciatus, Dolichvespula norwegica, Euodynerus quadrifasciatus, Eumenes pedunculatus, Polistes biglumis, P. bischoffi, Symmorphus mutinensis, S. bifasciatus, Vespa brevis (Vespidae). "
994,pollinators (AF),"ARANEAE: Misumena vatia (Thomisidae 1/1); Philodromus sp. (Philodromidae 1/1).  COLEOPTERA:  Bruchus atomarius, B. loti (Bruchidae 1/2); Cantharis nigricans, C. figurata, C. fusca, C. haemorrhoidalis, C. obscura, C. pelllucida, C. rustica, C. sudetica, Podistra rufotestacea, Rhagonycha lignosa, R. nigriceps (Cantharidae 4/11);   Alosterna tabacicolor, Acmaeops collaris, Grammoptera ruficornis, Stenurella melanura, S. nigra (Cerambycidae 3/5);  Curculio nucum (Curculionidae 1/1);  Coccinella septempunctata (Coccinellidae 1/1);  Dascillus cervinus (Dascillidae 1/1);  Adelocera murina, Agriotes acuminatus, Athous vittatus, A. subfuscus, Cidnopus pilosus, C. quercus, Ctenicera pectinicornis, Dalopius marginatus, Denticollis linearis (Elateridae (5/5);  Dasytes plumbeus, Malachius bipustulatus (Melyridae 2/2);  Meligethes aeneus (Nitidulidae 1/1);   Ischnomera cinerascens, Oedemera femorata, O. nobilis, O. podagrariae, O. virescens, Oncomera femorata (Oedemeridae 2/2);  Orsodacne cerasi (Orsodacnidae 1/1); Hoplia argentea, H. farinosa, Valgus hemepterus (Scarabaeidae);  Anaspis rufilabris (Scraptiidae 1/1).  DIPTERA: Hydrophoria conica (Anthomyidae 1/1);  Bibio marci (Bibionidae 1/1);  Cylindrotoma distinctissima (Cylindrotomidae 1/1);  Empis tessellata, E. stercorea (Empidae 1/2);  Dactylolabis aberrans (Limoniidae 1/1); Sarcophaga carnaria (Sarcophagidae 1/1);  Cheilosa bergenstammi, Melanostoma mellinum, Meliscaeva cinctella, Pipiza bimaculata (Syrphidae (4/4);  Phorocera obscura, Zophomyia temula (Tachinidae 2/2); Tipula luna (Tipulidae 1/1).   HYMENOPTERA: Andrena carantonica, A. chrysoceles, A. nitida, A. fulva (Andrenidae 1/4);  Apis mellifera (Apidae 1/1);  Arge ustulata, A. ciliaris, A. cyanocrocea, A. clavicornis (Argidae 1/5); Zaraea fasciata, Cimbicidae (1/1);  Colletes cunicularius (Colletidae 1/1);  Monoctenus juniperi (Diprionidae 1/1);  Camponotus herculeanus, Formica fusca, F. lemani, Lasius niger, Myrmica ruginodis (Formicidae 4/4);  Aethecerus nitidus, Agrypon flaveolatum, Alomya debellator, Aptesis abdominator, A. femoralis, Aritranis occisor, Campopletis varians, Chorinaeus cristator, Coelichneumon fasciatus, Cratichneumon culex, C. fabricator, C. sicarius, C. viator, Ctenochira validicornis, Diphyus subsericans, Diplazon laetatorius, Dusona insignita, Endasys analis, Euryproctus parvulus, Exetastes illusor, Glyphicnemis vagabunda, Heteropelma calcator, Hyperbatus sternoxanthus, Ichneumon insidiosus I. suspiciosus, I. nereni, I. subquadratus, Idiolispa analis, Ischnus migrator Itamoplex leucocheir, Lissonota bellator, Mesoleptus laevigatus, Netelia latungulus, Nuneches sodalis, Perilissus homgreni, P. lutescens, Phygadeun cephalotes, P. geniculatus, P. rugulosus, Pimpla melanacrias, Rhorus mesoxanthus, R. substitutor, Sympherta ambulator, Synectes delusor, Townesia tenuiventris, Trychosis pauper, Tryphon obtusator, T. bidentulus, Vulgichneumon lepidus (Ichneumonidae (35 gen/51 spp);  Argogorytes mystaceus (Sphecidae 1/1);  Aglaostigma fulvipes, Amauronematus fallax, Claremontia confusa, Dolerus gonager, D. bimaculatus, D. picipes, D. harwoodi, D. cothurnatus, D. niger, D. germanicus, D. anticus, Empria pumila, E. klugii, E. liturata, Eutomostethus luteiventris, Loderus eversmanii, L. vestigialis, Macrophya albipuncta, M. duodecimpunctata, Pachyprotasis rapae, Rhogogaster viridis, Tenthredo atra, T. mesomelas, T. olivacea, T. temula, T. livida, T. vespa, Tenthredopsis tesselata, T. nassata (Tenthredinidae 12/28).  ORTHOPTERA: Philodromus sp. (Tettigoniidae 1/1).  ","ARANEAE: Misumena vatia (Thomisidae 1/1); Philodromus sp. (Philodromidae 1/1).  COLEOPTERA:  Bruchus atomarius, B. loti (Bruchidae 1/2); Cantharis nigricans, C. figurata, C. fusca, C. haemorrhoidalis, C. obscura, C. pelllucida, C. rustica, C. sudetica, Podistra rufotestacea, Rhagonycha lignosa, R. nigriceps (Cantharidae 4/11);   Alosterna tabacicolor, Acmaeops collaris, Grammoptera ruficornis, Stenurella melanura, S. nigra (Cerambycidae 3/5);  Curculio nucum (Curculionidae 1/1);  Coccinella septempunctata (Coccinellidae 1/1);  Dascillus cervinus (Dascillidae 1/1);  Adelocera murina, Agriotes acuminatus, Athous vittatus, A. subfuscus, Cidnopus pilosus, C. quercus, Ctenicera pectinicornis, Dalopius marginatus, Denticollis linearis (Elateridae (5/5);  Dasytes plumbeus, Malachius bipustulatus (Melyridae 2/2);  Meligethes aeneus (Nitidulidae 1/1);   Ischnomera cinerascens, Oedemera femorata, O. nobilis, O. podagrariae, O. virescens, Oncomera femorata (Oedemeridae 2/2);  Orsodacne cerasi (Orsodacnidae 1/1); Hoplia argentea, H. farinosa, Valgus hemepterus (Scarabaeidae);  Anaspis rufilabris (Scraptiidae 1/1).  DIPTERA: Hydrophoria conica (Anthomyiidae 1/1);  Bibio marci (Bibionidae 1/1);  Cylindrotoma distinctissima (Cylindrotomidae 1/1);  Empis tessellata, E. stercorea (Empididae 1/2);  Dactylolabis aberrans (Limoniidae 1/1); Sarcophaga carnaria (Sarcophagidae 1/1);  Cheilosa bergenstammi, Melanostoma mellinum, Meliscaeva cinctella, Pipiza bimaculata (Syrphidae (4/4);  Phorocera obscura, Zophomyia temula (Tachinidae 2/2); Tipula luna (Tipulidae 1/1).   HYMENOPTERA: Andrena carantonica, A. chrysoceles, A. nitida, A. fulva (Andrenidae 1/4);  Apis mellifera (Apidae 1/1);  Arge ustulata, A. ciliaris, A. cyanocrocea, A. clavicornis (Argidae 1/5); Zaraea fasciata, Cimbicidae (1/1);  Colletes cunicularius (Colletidae 1/1);  Monoctenus juniperi (Diprionidae 1/1);  Camponotus herculeanus, Formica fusca, F. lemani, Lasius niger, Myrmica ruginodis (Formicidae 4/4);  Aethecerus nitidus, Agrypon flaveolatum, Alomya debellator, Aptesis abdominator, A. femoralis, Aritranis occisor, Campopletis varians, Chorinaeus cristator, Coelichneumon fasciatus, Cratichneumon culex, C. fabricator, C. sicarius, C. viator, Ctenochira validicornis, Diphyus subsericans, Diplazon laetatorius, Dusona insignita, Endasys analis, Euryproctus parvulus, Exetastes illusor, Glyphicnemis vagabunda, Heteropelma calcator, Hyperbatus sternoxanthus, Ichneumon insidiosus I. suspiciosus, I. nereni, I. subquadratus, Idiolispa analis, Ischnus migrator Itamoplex leucocheir, Lissonota bellator, Mesoleptus laevigatus, Netelia latungulus, Nuneches sodalis, Perilissus homgreni, P. lutescens, Phygadeun cephalotes, P. geniculatus, P. rugulosus, Pimpla melanacrias, Rhorus mesoxanthus, R. substitutor, Sympherta ambulator, Synectes delusor, Townesia tenuiventris, Trychosis pauper, Tryphon obtusator, T. bidentulus, Vulgichneumon lepidus (Ichneumonidae (35 gen/51 spp);  Argogorytes mystaceus (Sphecidae 1/1);  Aglaostigma fulvipes, Amauronematus fallax, Claremontia confusa, Dolerus gonager, D. bimaculatus, D. picipes, D. harwoodi, D. cothurnatus, D. niger, D. germanicus, D. anticus, Empria pumila, E. klugii, E. liturata, Eutomostethus luteiventris, Loderus eversmanii, L. vestigialis, Macrophya albipuncta, M. duodecimpunctata, Pachyprotasis rapae, Rhogogaster viridis, Tenthredo atra, T. mesomelas, T. olivacea, T. temula, T. livida, T. vespa, Tenthredopsis tesselata, T. nassata (Tenthredinidae 12/28).  ORTHOPTERA: Philodromus sp. (Tettigoniidae 1/1).  "
1179,pollinators (AF),AVES:  Zosterops borbonicus (Zosteropsidae),AVES:  Zosterops borbonicus (Zosteropidae)
1242,pollinators (AF),LEPIODOPTERA:  Euchromia lethe (Erebidae),LEPIDOPTERA:  Euchromia lethe (Erebidae)
1516,pollinators (AF),DIPERA: Scaptia sp. (Tabanidae).  HYMENOPTERA: Euglossa purpurea (Apidae); ,DIPTERA: Scaptia sp. (Tabanidae).  HYMENOPTERA: Euglossa purpurea (Apidae); 
1658,pollinators (AF),HYEMNOPTERA: Eufriesea caerulescens (Apidae),HYMENOPTERA: Eufriesea caerulescens (Apidae)
1767,pollinators (AF),HYMENOTPERA: Euglossa dodsoni (Apidae),HYMENOPTERA: Euglossa dodsoni (Apidae)
1904,pollinators (AF),HYMENOPTERA:  Euglosssa purpurea (Apidae),HYMENOPTERA:  Euglossa purpurea (Apidae)
1917,pollinators (AF),"HYMENOPTERA:  Eulaema speciosa, El polychroma (Aipdae)","HYMENOPTERA:  Eulaema speciosa, El polychroma (Apidae)"
1918,pollinators (AF),"HYMENOPTERA:  Eulgossa villosa, Eufriesea anisochlora*, Ef chrysopyga*, Ef rufocauda (Apidae)","HYMENOPTERA:  Euglossa villosa, Eufriesea anisochlora*, Ef chrysopyga*, Ef rufocauda (Apidae)"
2134,pollinators (AF),HYEMNOPTERA: Centris sp. (Apidae),HYMENOPTERA: Centris sp. (Apidae)
2174,pollinators (AF),DIPTERA:  Mycetophiilidae,DIPTERA:  Mycetophilidae
2176,pollinators (AF),DIPTERA:  Exechia thomsoni (Mycetophiilidae),DIPTERA:  Exechia thomsoni (Mycetophilidae)
2196,pollinators (AF),"HYMENOPTERA:  Thynnoides sp.C, Campylothynnus sp. A (Thinnidae)","HYMENOPTERA:  Thynnoides sp.C, Campylothynnus sp. A (Thynnidae)"
2220,pollinators (AF),"HYMENOPTERA:  gen nov 3, sp A (Thynnindae)","HYMENOPTERA:  gen nov 3, sp A (Thynnidae)"
2249,pollinators (AF),"HYMENOPTERA: gen nov 3, sp. A (Thynnindae)","HYMENOPTERA: gen nov 3, sp. A (Thynnidae)"
2276,pollinators (AF),HYMENOPTERA:  Thynnine wasps (Thinnidae),HYMENOPTERA:  Thynnine wasps (Thynnidae)
2277,pollinators (AF),HYMENOPTERA:  Thynnine wasps (Thinnidae),HYMENOPTERA:  Thynnine wasps (Thynnidae)
2283,pollinators (AF),HYMENOPTERA:  Phymatothynnus nr. nitidus (Thynnindae),HYMENOPTERA:  Phymatothynnus nr. nitidus (Thynnidae)
2335,pollinators (AF),HYMENOPTERA:  Arthrothynnus latus (Thyniidae wasps),HYMENOPTERA:  Arthrothynnus latus (Thynnidae wasps)
2366,pollinators (AF),DIPTERA:  (Choropidae),DIPTERA:  (Chloropidae)
2367,pollinators (AF),DIPTERA:  (Choropidae),DIPTERA:  (Chloropidae)
2368,pollinators (AF),DIPTERA:  Caviceps (Choropidae),DIPTERA:  Caviceps (Chloropidae)
2369,pollinators (AF),DIPTERA:  (Choropidae),DIPTERA:  (Chloropidae)
2370,pollinators (AF),DIPTERA:  Conioscinella sp. (Choropidae),DIPTERA:  Conioscinella sp. (Chloropidae)
2371,pollinators (AF),DIPTERA:  (Choropidae),DIPTERA:  (Chloropidae)
2372,pollinators (AF),"DIPTERA:  Conioscinella,  Cadrema (Choropidae)","DIPTERA:  Conioscinella,  Cadrema (Chloropidae)"
2373,pollinators (AF),DIPTERA:  Caviceps (Choropidae),DIPTERA:  Caviceps (Chloropidae)
2374,pollinators (AF),DIPTERA: Caviceps (Choropidae),DIPTERA: Caviceps (Chloropidae)
2377,pollinators (AF),"DIPTERA:  Caviceps flavipes, Liocinella (Choropidae); Stomosis (Milichiidae)","DIPTERA:  Caviceps flavipes, Liocinella (Chloropidae); Stomosis (Milichiidae)"
2378,pollinators (AF),DIPTERA:  Conioscinella sp (Choropidae),DIPTERA:  Conioscinella sp (Chloropidae)
2419,pollinators (AF),HYMENOPTERA:  Leioproctus sp. (Colletidae);  Lassioglossum sp. (Halictidae),HYMENOPTERA:  Leioproctus sp. (Colletidae);  Lasioglossum sp. (Halictidae)
2453,pollinators (AF),HYMENOPTERA: Rediviva longimanus (Mellitidae),HYMENOPTERA: Rediviva longimanus (Melittidae)
2474,pollinators (AF),HYMENOPTERA: Rediviva gigas (Mellitidae bees),HYMENOPTERA: Rediviva gigas (Melittidae bees)
2475,pollinators (AF),HYMENOPTERA: Rediviva gigas (Mellitidae bees),HYMENOPTERA: Rediviva gigas (Melittidae bees)
2480,pollinators (AF),HYMENOPTERA: Rediviva gigas (Mellitidae bees),HYMENOPTERA: Rediviva gigas (Melittidae bees)
2489,pollinators (AF),HYMENOPTERA:  Rediviva gigas (Mellitidae),HYMENOPTERA:  Rediviva gigas (Melittidae)
2501,pollinators (AF),HYMENOPTERA:  Rediviva longimanus (Mellitidae bees),HYMENOPTERA:  Rediviva longimanus (Melittidae bees)
2511,pollinators (AF),"COLEOPTERA: Rhagonycha nigritarsis (Cantharidae); Oedemera nobilis (Oedemeridae). HYMENOPTERA: Apis mellifera, Bombus lucorum, B. praetorum, Nomada cretensis, Xylocopa iris, X. violacea, X. valga (Apidae), Halictus sp. (Halictidae); Osmia cornuta (Megachilidae); Scolid sp. (Scolidae wasp); Vespula vulgaris (Vespidae). HEMIPTERA: Lygaeus saxatilis (Lygaeidae). LEPIDOPTERA: Zygaena filipendulae, Z. grasilini (Zygaenidae)","COLEOPTERA: Rhagonycha nigritarsis (Cantharidae); Oedemera nobilis (Oedemeridae). HYMENOPTERA: Apis mellifera, Bombus lucorum, B. praetorum, Nomada cretensis, Xylocopa iris, X. violacea, X. valga (Apidae), Halictus sp. (Halictidae); Osmia cornuta (Megachilidae); Scolid sp. (Scoliidae wasp); Vespula vulgaris (Vespidae). HEMIPTERA: Lygaeus saxatilis (Lygaeidae). LEPIDOPTERA: Zygaena filipendulae, Z. grasilini (Zygaenidae)"
2515,pollinators (AF),"COLEOPTERA: Tropinota hirta (Scarabaeidae).  HYMENOPTERA:  Andrena albopunctata, A. ovalata  (Andrenidae);  Anthophora retusa, Apis mellifera, Bombus  argillaceus, B. bohemicus, B. confusus, B. horturum, B. humilis, B. lapidarius, B. lucorum, B. muscorum, B. pascuorum, B. pratorum, B. ruderatus, B.rupestris, B. subterraneus, B. sylvarum, B. sylvestris, B. terrestris, B. vestalis, Eucera curvitarsis, E. hungarica, E. kullenbergi, E. longicornis, E. nigra, E. nigreescens, E.nigrilabris, E. pollinosa, E. rufa, E. seminuda, Nomada sexfasciata  (Apidae);  Halictus cochleareitarsis, H. patellatus, H. quadricinctus, Lasioglossum xanthopus (Halictidae);  Dasypoda hirtipes (Mellitidae); Osmia aurulenta, O. bicornis, O. rufa (Megachilidae). LEPIDOPTERA: Anthocharis euphenoides, Pontia deplidice (Pieridae), Cucullia santonici, Hadena plebeja, H. luteocincta (Noctuidae);  Macroglossum stellatarum (Sphingidae);  Zygaena lonicerae (Zygaenidae)","COLEOPTERA: Tropinota hirta (Scarabaeidae).  HYMENOPTERA:  Andrena albopunctata, A. ovalata  (Andrenidae);  Anthophora retusa, Apis mellifera, Bombus  argillaceus, B. bohemicus, B. confusus, B. horturum, B. humilis, B. lapidarius, B. lucorum, B. muscorum, B. pascuorum, B. pratorum, B. ruderatus, B.rupestris, B. subterraneus, B. sylvarum, B. sylvestris, B. terrestris, B. vestalis, Eucera curvitarsis, E. hungarica, E. kullenbergi, E. longicornis, E. nigra, E. nigreescens, E.nigrilabris, E. pollinosa, E. rufa, E. seminuda, Nomada sexfasciata  (Apidae);  Halictus cochleareitarsis, H. patellatus, H. quadricinctus, Lasioglossum xanthopus (Halictidae);  Dasypoda hirtipes (Melittidae); Osmia aurulenta, O. bicornis, O. rufa (Megachilidae). LEPIDOPTERA: Anthocharis euphenoides, Pontia deplidice (Pieridae), Cucullia santonici, Hadena plebeja, H. luteocincta (Noctuidae);  Macroglossum stellatarum (Sphingidae);  Zygaena lonicerae (Zygaenidae)"
2518,pollinators (AF),"COLEOPTERA: Trichius fasciatus, Tropinota squalida (Scarabaeidae).  DIPTERA: Episyrphus balteatus (Syrphidae); Billaea lata (Tachinidae).  HYMENOPTERA: Apis mellifera, Bombus hortorum (Apidae). LEPIDOPTERA: Anthocharis cardamines, Aporia crataegi, Pieris napi (Pieridae); Glycopsyche alexis, Lycaena phlaeus, Lysandra bellargus, Plebejus argus, Polyommatus alexis, P. bellargus (Lycaenidae); Eubolia mensuraria, Siona lineata (Geometrid); Aglais urticae, Argynnis adippe  Brenthis hecate, B. ino, Euphydryas aurinia, Maniola jurtina, Melanargia galathea, Melitaea athalia, M. cinxia, M. didyma, M. parthenoides, M. phoebe  (Nymphalidae); Agrotis cataleuca, Acontia luctuosa, Caradrina alsines, C. blanda, Euclidia glyphica, Lithosia complana (Erebidae); Hesperia linea, H. sylvanus, Ochlodes neatus, Pyrgus carthami, P. malvae,  P. alveolus, P. sidae, Spialia orbifer, Thymelicus lineolus, T. sylvestris (Hesperidae); Amata nigricornis, Apamea monoglypha, A. sublustris, Cucullia caninae, Hadena dentina, H. monoglypha, Heliothis marginata, H. peltigera, Leucania lithargyria, Mythimna sicula, Shargacucullia caninae, Toxocampa pastinum, Tyta luctuosa (Noctuidae);  Spilodes cinctalis, S. palealis (Crambidae);  Coenonymha glycerion, Maniola jurtina, Melanargia galathea (Satyridae);Erynnis tages, Hemaris fuciformis, Macroglossum stellatarum (Sphingidae); Adscita geryon, A. staties,  Zygaena brizae, Z. carnicolica, Z. corsica, Z. filipendulae, Z. lonicerae, Z. loti, Z. minos, Z. punctum, Z. purpuralis, Z. trifolii, Z viciae (Zygaenidae: Lepidoptera). ","COLEOPTERA: Trichius fasciatus, Tropinota squalida (Scarabaeidae).  DIPTERA: Episyrphus balteatus (Syrphidae); Billaea lata (Tachinidae).  HYMENOPTERA: Apis mellifera, Bombus hortorum (Apidae). LEPIDOPTERA: Anthocharis cardamines, Aporia crataegi, Pieris napi (Pieridae); Glycopsyche alexis, Lycaena phlaeus, Lysandra bellargus, Plebejus argus, Polyommatus alexis, P. bellargus (Lycaenidae); Eubolia mensuraria, Siona lineata (Geometrid); Aglais urticae, Argynnis adippe  Brenthis hecate, B. ino, Euphydryas aurinia, Maniola jurtina, Melanargia galathea, Melitaea athalia, M. cinxia, M. didyma, M. parthenoides, M. phoebe  (Nymphalidae); Agrotis cataleuca, Acontia luctuosa, Caradrina alsines, C. blanda, Euclidia glyphica, Lithosia complana (Erebidae); Hesperia linea, H. sylvanus, Ochlodes neatus, Pyrgus carthami, P. malvae,  P. alveolus, P. sidae, Spialia orbifer, Thymelicus lineolus, T. sylvestris (Hesperiidae); Amata nigricornis, Apamea monoglypha, A. sublustris, Cucullia caninae, Hadena dentina, H. monoglypha, Heliothis marginata, H. peltigera, Leucania lithargyria, Mythimna sicula, Shargacucullia caninae, Toxocampa pastinum, Tyta luctuosa (Noctuidae);  Spilodes cinctalis, S. palealis (Crambidae);  Coenonymha glycerion, Maniola jurtina, Melanargia galathea (Satyridae);Erynnis tages, Hemaris fuciformis, Macroglossum stellatarum (Sphingidae); Adscita geryon, A. staties,  Zygaena brizae, Z. carnicolica, Z. corsica, Z. filipendulae, Z. lonicerae, Z. loti, Z. minos, Z. punctum, Z. purpuralis, Z. trifolii, Z viciae (Zygaenidae: Lepidoptera). "
2546,pollinators (AF),"COLEOPTERA: Acmaeops collaris, Alosterna tabacicolor, Anastrangalia dubia, A. reyi, A. sanguinolenta, Anoplodera sexguttata, Dinoptera collaris, Gaurotes virgineus, Grammoptera ruficornis, Pachytodes cerambyciformis, Judolia sexmaculata, Leptura aethiops, L. maculata, L. maculicornis, Rutpela maculata, Stenurella bifasciata, S. melanura, Strangalia maculata (Cerambycidae); Cantharis rustica (Cantharidae); Plateumaris inutes (Chrysomelidae); Dascillus cervinus (Dascillidae); Cidnopus pilosus (Elateridae); Oedemera femorata, O. podagrariae, O. virescens (Oedemeridae); Trichius fasciatus, T. rosaceus (Scarabaeidae).  DIPTERA:  Eulalia hydroleon, Odontomyia hydroleon (Stratiomyidae); Empis tesselata (Empidae );  Eristalis arbustorum (Syrphidae).  HYMENOPTERA:  Andrena fucata, A. helvola (Andrenidae);  Apis mellifera, Bombus lapidarius, B. lucorum, B. pascuorum, B. pratorum, B. terrestris (Apidae).","COLEOPTERA: Acmaeops collaris, Alosterna tabacicolor, Anastrangalia dubia, A. reyi, A. sanguinolenta, Anoplodera sexguttata, Dinoptera collaris, Gaurotes virgineus, Grammoptera ruficornis, Pachytodes cerambyciformis, Judolia sexmaculata, Leptura aethiops, L. maculata, L. maculicornis, Rutpela maculata, Stenurella bifasciata, S. melanura, Strangalia maculata (Cerambycidae); Cantharis rustica (Cantharidae); Plateumaris inutes (Chrysomelidae); Dascillus cervinus (Dascillidae); Cidnopus pilosus (Elateridae); Oedemera femorata, O. podagrariae, O. virescens (Oedemeridae); Trichius fasciatus, T. rosaceus (Scarabaeidae).  DIPTERA:  Eulalia hydroleon, Odontomyia hydroleon (Stratiomyidae); Empis tesselata (Empididae );  Eristalis arbustorum (Syrphidae).  HYMENOPTERA:  Andrena fucata, A. helvola (Andrenidae);  Apis mellifera, Bombus lapidarius, B. lucorum, B. pascuorum, B. pratorum, B. terrestris (Apidae)."
2548,pollinators (AF),"COLEOPTERA:  Oedemera nobilis O. lurida (Oedemeridae); A losterna tabacicolor, Paracorymbia maculicornis, Pachytodes cerambyciformis, Ruptela maculata (Cerambycidae);  Cantharis fusca (Cantharidae).  DIPTERA:   Volucella pellucens, V. bombylans (Syrphidae);  Empis tessellata (Empidae).   HYMENOPTERA:  Apis mellifera, Bombus humilis, B. terrestris, B. pascuorum, B. pratorum (Apidae).  ","COLEOPTERA:  Oedemera nobilis O. lurida (Oedemeridae); A losterna tabacicolor, Paracorymbia maculicornis, Pachytodes cerambyciformis, Rutpela maculata (Cerambycidae);  Cantharis fusca (Cantharidae).  DIPTERA:   Volucella pellucens, V. bombylans (Syrphidae);  Empis tessellata (Empididae).   HYMENOPTERA:  Apis mellifera, Bombus humilis, B. terrestris, B. pascuorum, B. pratorum (Apidae).  "
2550,pollinators (AF),"COLEOPTERA: Alosterna tabacicolor, Anastrangalia dubia, Anoplodera sexguttata, Clytus arietis, Dinoptera collaris, Pidonia lurida, Rutpela maculata, Stenurella melanura, Strangalia atra, S. maculata (Cerambycidae); Cantharis fusca, C. rustica (Cantharidae); Plateumaris discolor (Chrysomelidae); Dascillus cervinus (Dascillidae); Chrysanthia viridissima, Oedemeria atra, O. nobilis, O. podagrariae (Oedemeridae); Pyrochroa pectinicornis (Pyrochroidae); Trichius fasciatus (Scarabaeidae). DIPTERA: Empis livida, E. pennipes, E. tessellata (Empidae); Fallenia fasciata (Nemestrinidae); Scathophaga stercoraria (Scathophagidae); Eristalis arbustorum, E. horticola, E. tenax, Volucella bombylans (Syrphidae). HYMENOPTERA: Bombus hortorum, B. muscorum B. pascorum, B. terrestris, B. barbutellus, B. globusus (Apidae); Halictus calceatus (Halictidae)","COLEOPTERA: Alosterna tabacicolor, Anastrangalia dubia, Anoplodera sexguttata, Clytus arietis, Dinoptera collaris, Pidonia lurida, Rutpela maculata, Stenurella melanura, Strangalia atra, S. maculata (Cerambycidae); Cantharis fusca, C. rustica (Cantharidae); Plateumaris discolor (Chrysomelidae); Dascillus cervinus (Dascillidae); Chrysanthia viridissima, Oedemeria atra, O. nobilis, O. podagrariae (Oedemeridae); Pyrochroa pectinicornis (Pyrochroidae); Trichius fasciatus (Scarabaeidae). DIPTERA: Empis livida, E. pennipes, E. tessellata (Empididae); Fallenia fasciata (Nemestrinidae); Scathophaga stercoraria (Scathophagidae); Eristalis arbustorum, E. horticola, E. tenax, Volucella bombylans (Syrphidae). HYMENOPTERA: Bombus hortorum, B. muscorum B. pascorum, B. terrestris, B. barbutellus, B. globusus (Apidae); Halictus calceatus (Halictidae)"
2551,pollinators (AF),"COLEOPTERA: Actenicerus sjaelandicus (Elateridae).  DIPTERA:  Empis tessellata (Empidae).  HYMENOPTERA:  Apis mellifera, Bombus lucorum, B. pascuorum, B. pratorum, B. sichelii, B. soroeensis, B. ruderarius, B. terrestris, Eucera longicornis, Nomada sexfasciata (Apidae);  Halictus leucozonius (Halictidae). ","COLEOPTERA: Actenicerus sjaelandicus (Elateridae).  DIPTERA:  Empis tessellata (Empididae).  HYMENOPTERA:  Apis mellifera, Bombus lucorum, B. pascuorum, B. pratorum, B. sichelii, B. soroeensis, B. ruderarius, B. terrestris, Eucera longicornis, Nomada sexfasciata (Apidae);  Halictus leucozonius (Halictidae). "
2553,pollinators (AF),"COLEOPTERA: Trichius fasciatus (Scarabaeidae). HYMENOPTERA: Eucera longicornis, Bombus pascuorum, B. terrestris (Apidae). LEPTIDOPTERA: Zygaena trifolii (Zygaenidae)","COLEOPTERA: Trichius fasciatus (Scarabaeidae). HYMENOPTERA: Eucera longicornis, Bombus pascuorum, B. terrestris (Apidae). LEPIDOPTERA: Zygaena trifolii (Zygaenidae)"
2556,pollinators (AF),"HYMENOPTERA: Andrena nigroaenea (Andrenidae), Apis mellifera, Bombus barbutellus, B. bohemicus, B. hortorum, B. hypnorum, B. humilis, B. lapidarius, B. lucorum, B. muscorum, B. pascuorum, B. ruderarius, B. ruderatus, B. soroeensis, B. sylvarum, B. terrestris, B. vestalis,  (Apidae); Osmia bicolor (Megachilidae); Halictus sp. (Halictidae). LEPIDOPTERA: Pyrgus malvae (Hesperidae); Gonepteryx rhamni (Pieridae)","HYMENOPTERA: Andrena nigroaenea (Andrenidae), Apis mellifera, Bombus barbutellus, B. bohemicus, B. hortorum, B. hypnorum, B. humilis, B. lapidarius, B. lucorum, B. muscorum, B. pascuorum, B. ruderarius, B. ruderatus, B. soroeensis, B. sylvarum, B. terrestris, B. vestalis,  (Apidae); Osmia bicolor (Megachilidae); Halictus sp. (Halictidae). LEPIDOPTERA: Pyrgus malvae (Hesperiidae); Gonepteryx rhamni (Pieridae)"
2568,pollinators (AF),"COLEOPTERA: Unidentified sp.  DIPTERA:  Empis  sp., E. tessellata (Empidae).  HYMENOPTERA:  Bombus (Apidae).  LEPIDOPTERA:  Eudonia sudetica, Crambus lathoniellus, Catoptria radiella, Crambus sp., Pyrausta despicata (Cramabidae); Ochlodes sylvanus, Thymelicus sylvestris  (Hesperiidae); Plebejus idas, P. orbitulus, Polyommatus sp. (Lycaenidae); Argynnis adippe, Euphydryas aurinia, Vanessa cardui (Nymphalidae); Aporia crataegi (Pieridae); Hellinsia osteodactyla, Pterophoridae sp. (Pterophoridae), Oncocera semirubella (Pyralidae);  Boloria sp., Pyrgus centaurea, Hemaris tityus, Entephtia caesiata, (Geometridae);  Autographa bractea, A. gamma, A. pulchrina, Mythimna conigera, Papestra biren, Phytometra viridaria (Noctuidae, 3 genera, 5 spp); Deilephila porcellus, Hyles euphorbiae, H. gallii, H. livornica; Macroglossum stellatarum, Sphinx ligustri (Sphingidae);  Adscita geryon, Adscita 2 spp, Aglais urticae, Pteris brassicae, Sioona lineata, Zygaena exulans, Z. filipendulae, Z. lonicerae, Z. minos, Z. trifoli (Zygaenidae).  ","COLEOPTERA: Unidentified sp.  DIPTERA:  Empis  sp., E. tessellata (Empididae).  HYMENOPTERA:  Bombus (Apidae).  LEPIDOPTERA:  Eudonia sudetica, Crambus lathoniellus, Catoptria radiella, Crambus sp., Pyrausta despicata (Crambidae); Ochlodes sylvanus, Thymelicus sylvestris  (Hesperiidae); Plebejus idas, P. orbitulus, Polyommatus sp. (Lycaenidae); Argynnis adippe, Euphydryas aurinia, Vanessa cardui (Nymphalidae); Aporia crataegi (Pieridae); Hellinsia osteodactyla, Pterophoridae sp. (Pterophoridae), Oncocera semirubella (Pyralidae);  Boloria sp., Pyrgus centaurea, Hemaris tityus, Entephtia caesiata, (Geometridae);  Autographa bractea, A. gamma, A. pulchrina, Mythimna conigera, Papestra biren, Phytometra viridaria (Noctuidae, 3 genera, 5 spp); Deilephila porcellus, Hyles euphorbiae, H. gallii, H. livornica; Macroglossum stellatarum, Sphinx ligustri (Sphingidae);  Adscita geryon, Adscita 2 spp, Aglais urticae, Pteris brassicae, Sioona lineata, Zygaena exulans, Z. filipendulae, Z. lonicerae, Z. minos, Z. trifoli (Zygaenidae).  "
2571,pollinators (AF),"DIPTERA: Thricops aculeipes (Muscidae).  HYMENOPTERA: Apis mellifera (Apidae).  LEPIDOPTERA:  Crambus periella, C. rostellus, Diasemia literata, D. reticularis, Leucania comma (Crambidae);  Cleogene lutearia, Crocota tinctaria, Mallomus aculeipes (Geometridae); Hesperia serratule (Hesperidae); Autographa gamma, Chersotis ocellina, Lasionycta imbecilla, Mythimna imbecilla (Noctuidae);  Agrynnis euphrosyne, Melitaea athalis, M. parthenie, Erebia melampus (Nymphalidae);  Adscita statices, Zygaena achillae, Z. exulans, Z. alpina, Z. filipendulae, Z. loti, Z. transalpina, Z. trifolii (Zygaenidae). ","DIPTERA: Thricops aculeipes (Muscidae).  HYMENOPTERA: Apis mellifera (Apidae).  LEPIDOPTERA:  Crambus periella, C. rostellus, Diasemia literata, D. reticularis, Leucania comma (Crambidae);  Cleogene lutearia, Crocota tinctaria, Mallomus aculeipes (Geometridae); Hesperia serratule (Hesperiidae); Autographa gamma, Chersotis ocellina, Lasionycta imbecilla, Mythimna imbecilla (Noctuidae);  Agrynnis euphrosyne, Melitaea athalis, M. parthenie, Erebia melampus (Nymphalidae);  Adscita statices, Zygaena achillae, Z. exulans, Z. alpina, Z. filipendulae, Z. loti, Z. transalpina, Z. trifolii (Zygaenidae). "
2598,pollinators (AF),"LEPIDOPTERA:  Cumbre sp., Vehilius clavicula, Urbanus teleus, U. zagorius (Hesperidae)","LEPIDOPTERA:  Cumbre sp., Vehilius clavicula, Urbanus teleus, U. zagorius (Hesperiidae)"
2605,pollinators (AF),"LEPIDOPTERA:  Parnara guttata, Pelopidas mathias, Polytremis pellucida (Hesperidae), Theretra japonica, heretra oldenlandiae (Sphingidae)","LEPIDOPTERA:  Parnara guttata, Pelopidas mathias, Polytremis pellucida (Hesperiidae), Theretra japonica, heretra oldenlandiae (Sphingidae)"
2616,pollinators (AF),"COLEOPTERA: Tropinota squalida (Scarabaeidae).  HYMENOPTERA: Andrena carbonaria, A. haemorrhoa, A. nigroaenea, A. potentillae (Andrenidae); Anthidiium manicatum, Apis mellifera (Apidae); Colletes daviesanus, C. similis (Colletidae). ","COLEOPTERA: Tropinota squalida (Scarabaeidae).  HYMENOPTERA: Andrena carbonaria, A. haemorrhoa, A. nigroaenea, A. potentillae (Andrenidae); Anthidium manicatum, Apis mellifera (Apidae); Colletes daviesanus, C. similis (Colletidae). "
2646,pollinators (AF),HHYMENOPTERA:  Anthophora plagiata (Apidae),HYMENOPTERA:  Anthophora plagiata (Apidae)
2670,pollinators (AF),HYMENOPTERA:  HYMENOTERA:  Eucera dalmatica (Apidae),HYMENOPTERA:  HYMENOPTERA:  Eucera dalmatica (Apidae)
2671,pollinators (AF),"HYMENOPTERA:  HYMENOTERA:  Eucera hispana, E. furfurea (Apidae)","HYMENOPTERA:  HYMENOPTERA:  Eucera hispana, E. furfurea (Apidae)"
2834,pollinators (AF),"COLEOPTERA: Cantharis fusca, C. rustica (Cantharidae);  Strangalia atra (Cerambycidae);  Adelocera murina, Cidnopus minutus, C. pilosus (Elateridae);  Isomira murina (Tenebrionidae).  DIPTERA: Empis pennipes (Empidae);  Platycheirus manicatus (Syrphidae).  HYMENOPTERA: Arge thoracia (Argidae ); Chrysis sp. (Chrysidae ); Anthous niger, Formica fusca (Formicidae); Tenthredopsis carbonaria, T. litterata (Tenthredinidae)","COLEOPTERA: Cantharis fusca, C. rustica (Cantharidae);  Strangalia atra (Cerambycidae);  Adelocera murina, Cidnopus minutus, C. pilosus (Elateridae);  Isomira murina (Tenebrionidae).  DIPTERA: Empis pennipes (Empididae);  Platycheirus manicatus (Syrphidae).  HYMENOPTERA: Arge thoracia (Argidae ); Chrysis sp. (Chrysididae ); Anthous niger, Formica fusca (Formicidae); Tenthredopsis carbonaria, T. litterata (Tenthredinidae)"
2838,pollinators (AF),"COLEOPTERA:  Strangalia atra (Cerambycidae). DIPTERA: Bombylius major (Bombyliidae); Empis livida, E. pennipes, E. tesselata (Empidae); Scatophagia stercoraria (Scatophagidae).  HYMENOPTERA:  Andrena bicolor, A. haemorrhoa, A. helvola, A. nigroaenea, A. nitida (Andrenidae);  Apis mellifera, Bombus barbutellus, B. bohemicus, B. campestris, B. confusus, B. hortorum, B. humilis, B. lapidarius, B. lucorum, B. muscorum, B. pascuorum, B. pratorum, B. ruderarius, B. ruderatus, B. rupestris, B. subterraneus, B. sylvarum, B. sylvestris, B. terrestris, Eucera hungarica, E. interrupta, E. longicornis, E. nigra, Nomada marshamella, Xylocopa violacea (Apidae);  Argogorytes mystaceus (Crabronidae);  Halictus sexcinctus (Halictidae);  Osmia bicolor, O. rufa (Megachilidae). LEPIDOPTERA:  Minucia lunaris (Noctuidae); Zygaena transalpina (Zygaenidae).","COLEOPTERA:  Strangalia atra (Cerambycidae). DIPTERA: Bombylius major (Bombyliidae); Empis livida, E. pennipes, E. tesselata (Empididae); Scatophagia stercoraria (Scathophagidae).  HYMENOPTERA:  Andrena bicolor, A. haemorrhoa, A. helvola, A. nigroaenea, A. nitida (Andrenidae);  Apis mellifera, Bombus barbutellus, B. bohemicus, B. campestris, B. confusus, B. hortorum, B. humilis, B. lapidarius, B. lucorum, B. muscorum, B. pascuorum, B. pratorum, B. ruderarius, B. ruderatus, B. rupestris, B. subterraneus, B. sylvarum, B. sylvestris, B. terrestris, Eucera hungarica, E. interrupta, E. longicornis, E. nigra, Nomada marshamella, Xylocopa violacea (Apidae);  Argogorytes mystaceus (Crabronidae);  Halictus sexcinctus (Halictidae);  Osmia bicolor, O. rufa (Megachilidae). LEPIDOPTERA:  Minucia lunaris (Noctuidae); Zygaena transalpina (Zygaenidae)."
2847,pollinators (AF),DIPTERA:  Bombylius major (Bombylidae) ,DIPTERA:  Bombylius major (Bombyliidae) 
2855,pollinators (AF),"LEPIDOPTERA: Cucullia umbratica (Erabidae); Anaitis plagiata, Aplocera plagiata, Entepheria caesiata, Gnophos myrtillata, G. obfuscata (Geometridae);  Agrotis segetum, Apamaea furva, A. monoglypha, Autographa gamma, A. pulchrina, Hada plebeja, Hadena dentina, H. nana, H. silenes, Heliophobus reticulata, Noctua pronuba, Orthosia stabilis, Plusia aureum, P. gamma, Sideridis reticulata (Noctuidae); Deilephila elpenor, D. porcellus, Hyles euphorbiae, H. gallii, Sphinx ligustri, S. pinastri (Sphingidae)","LEPIDOPTERA: Cucullia umbratica (Erebidae); Anaitis plagiata, Aplocera plagiata, Entepheria caesiata, Gnophos myrtillata, G. obfuscata (Geometridae);  Agrotis segetum, Apamaea furva, A. monoglypha, Autographa gamma, A. pulchrina, Hada plebeja, Hadena dentina, H. nana, H. silenes, Heliophobus reticulata, Noctua pronuba, Orthosia stabilis, Plusia aureum, P. gamma, Sideridis reticulata (Noctuidae); Deilephila elpenor, D. porcellus, Hyles euphorbiae, H. gallii, Sphinx ligustri, S. pinastri (Sphingidae)"
2856,pollinators (AF),"HYMENOPTERA:  Apis mellifera, Bombus fervidus, B. vagans (Apidae).  LEPIDOPTERA:  Epargyreus claurs, Euphyes ruricola, Polites coras , P. mystic (Hesperidae); Strymon melinus (Lycaenidae);  Agrotis sp. (Noctuidae);  Danaus plexippus (Nymphalidae);  Papilio glaucus, P. troilus (Papillionidae); Colias philodice, Artogeia rapae (Pieridae); Darapsa versicolor, Hemaris thysbe, Hyles lineata, Manduca quinquemaculata (Sphingidae)","HYMENOPTERA:  Apis mellifera, Bombus fervidus, B. vagans (Apidae).  LEPIDOPTERA:  Epargyreus claurs, Euphyes ruricola, Polites coras , P. mystic (Hesperiidae); Strymon melinus (Lycaenidae);  Agrotis sp. (Noctuidae);  Danaus plexippus (Nymphalidae);  Papilio glaucus, P. troilus (Papilionidae); Colias philodice, Artogeia rapae (Pieridae); Darapsa versicolor, Hemaris thysbe, Hyles lineata, Manduca quinquemaculata (Sphingidae)"
2860,pollinators (AF),"LEPIDOPTERA:  Phoebis sennae (Pieridae);  Eurytides marcellus, Papilio palamedes, P. troilus (Papillionidae)","LEPIDOPTERA:  Phoebis sennae (Pieridae);  Eurytides marcellus, Papilio palamedes, P. troilus (Papilionidae)"
2861,pollinators (AF),"LEPIDOPTERA: Rivula sericealis (Erebidae);  Aplocera plagiata, Gnophuos myrtillata, Ourapteryx sambucaria (Geometridae);  Ochlodes sylvanus (Hesperidae);  Abrostola tripartita, A. triplasia, Apamea anceps, A. furva, A. lateritia, A. monoglypha, A. sublustris, Autographa bractea, A. gamma, A. jota, A. pulchrina, Cucullia umbratica, Diachrysia chrysitis, D. forcipula, Diarsia mendica, Hada nana, Hadena albimacula, H. caesia, H. compta, H. perplexa, Heliophobus reticulata, Lamprotes caureum, Macdunnoughia confusa, Noctua pronuba, Plusia festucae, P. putnami, Polia bombycina, P. hepatica, P. nebulosa, Pyrrhia umbra, Sideridis reticulata (Noctuidae);  Agrius convolvuli, Hyles gallii, Deilephila elpenor, D. porcellus, Sphinx ligustri, S. pinastri (Sphingidae).","LEPIDOPTERA: Rivula sericealis (Erebidae);  Aplocera plagiata, Gnophuos myrtillata, Ourapteryx sambucaria (Geometridae);  Ochlodes sylvanus (Hesperiidae);  Abrostola tripartita, A. triplasia, Apamea anceps, A. furva, A. lateritia, A. monoglypha, A. sublustris, Autographa bractea, A. gamma, A. jota, A. pulchrina, Cucullia umbratica, Diachrysia chrysitis, D. forcipula, Diarsia mendica, Hada nana, Hadena albimacula, H. caesia, H. compta, H. perplexa, Heliophobus reticulata, Lamprotes caureum, Macdunnoughia confusa, Noctua pronuba, Plusia festucae, P. putnami, Polia bombycina, P. hepatica, P. nebulosa, Pyrrhia umbra, Sideridis reticulata (Noctuidae);  Agrius convolvuli, Hyles gallii, Deilephila elpenor, D. porcellus, Sphinx ligustri, S. pinastri (Sphingidae)."
2866,pollinators (AF),"HYMENOPTERA:  Bombus pennsylvanicus (Apidae).  LEPIDOPTERA:  Phoebis sennae (Pieridae), Papilio troilus, P. marcellus, P. palamedes, Eurytides marcellus (Papillionidae)","HYMENOPTERA:  Bombus pennsylvanicus (Apidae).  LEPIDOPTERA:  Phoebis sennae (Pieridae), Papilio troilus, P. marcellus, P. palamedes, Eurytides marcellus (Papilionidae)"
2867,pollinators (AF),"HYMENOPTERA:  Bombus flavifrons, B. mixtus, B. sitkensis (Apidae).  LEPIDOPTERA:  Polites coras (Hesperidae); Aletia oxygala, Anarta oregonica, Autographa californica, A. corusca, A. flagellum, A. pseudogamma, Actebia fennica, Discestra oregonica, Hyppa indistincta, Pesudaletia unipuncta, Phlogophora iris, Plusia putnami, Plusia sp., Pseudothyatira expultrix, Rhyacia quadrangular (Noctuidae); Speyeria hydaspe, Vanessa cardui (Nymphalidae);  Papilio glaucus, P. zelicaon (Papilionidae); Hyles gallii (Sphingidae)","HYMENOPTERA:  Bombus flavifrons, B. mixtus, B. sitkensis (Apidae).  LEPIDOPTERA:  Polites coras (Hesperiidae); Aletia oxygala, Anarta oregonica, Autographa californica, A. corusca, A. flagellum, A. pseudogamma, Actebia fennica, Discestra oregonica, Hyppa indistincta, Pesudaletia unipuncta, Phlogophora iris, Plusia putnami, Plusia sp., Pseudothyatira expultrix, Rhyacia quadrangular (Noctuidae); Speyeria hydaspe, Vanessa cardui (Nymphalidae);  Papilio glaucus, P. zelicaon (Papilionidae); Hyles gallii (Sphingidae)"
2873,pollinators (AF),"LEPIDOPTERA:  Ochlodes ochraceus (Hesperidae);  Lycaenidae;  Trichoplusia sp., Thysanoplusia intermixta (Noctuidae);  Pieridae;  Macroglossum bombylans (Sphingidae)","LEPIDOPTERA:  Ochlodes ochraceus (Hesperiidae);  Lycaenidae;  Trichoplusia sp., Thysanoplusia intermixta (Noctuidae);  Pieridae;  Macroglossum bombylans (Sphingidae)"
2878,pollinators (AF),"LEPIDOPTERA:  Eparygyreus clarus (Hesperidae);  Papilio glaucus , P. troilus (Papilionidae)","LEPIDOPTERA:  Eparygyreus clarus (Hesperiidae);  Papilio glaucus , P. troilus (Papilionidae)"
2891,pollinators (AF),"LEPIDOPTERA:  Papilio asterias, P. polyxenes (Papilioidae);  Epargyreus clarus, Polites mystic (Hesperidae);  Haemmorhagis thysbe, H. difformis  (Sphingidae)","LEPIDOPTERA:  Papilio asterias, P. polyxenes (Papilionidae);  Epargyreus clarus, Polites mystic (Hesperiidae);  Haemmorhagis thysbe, H. difformis  (Sphingidae)"
2899,pollinators (AF),"DIPTERA:  mosquito (Cullicidae).   HYMENOPTERA:  Bombus sp. (Apidae).  LEPIDOPTERA:  Drepanulatrix baueraria, Elpiste marcescaria, Semiothisa (Geometridae), Agrotis ipsilon  (Noctuidae);  Pyrausta perrubralis, Udea profundalis (Pyralidae)","DIPTERA:  mosquito (Culicidae).   HYMENOPTERA:  Bombus sp. (Apidae).  LEPIDOPTERA:  Drepanulatrix baueraria, Elpiste marcescaria, Semiothisa (Geometridae), Agrotis ipsilon  (Noctuidae);  Pyrausta perrubralis, Udea profundalis (Pyralidae)"
2904,pollinators (AF),"DIPTERA:  Empis sp., E. bistortae (Empidae).  LEPIDOPTERA: Chrysoteuchia culmella, Crambus ericella, C. pascuella, Udea uliginosalis  (Crambidae); Plutella xylostella (Plutellidae); Hellinsia osteodactylus , H. didactylites (Pterophoridae); Coenonympha gardetta (Nymphalidae).","DIPTERA:  Empis sp., E. bistortae (Empididae).  LEPIDOPTERA: Chrysoteuchia culmella, Crambus ericella, C. pascuella, Udea uliginosalis  (Crambidae); Plutella xylostella (Plutellidae); Hellinsia osteodactylus , H. didactylites (Pterophoridae); Coenonympha gardetta (Nymphalidae)."
2909,pollinators (AF),DIPTERA:  Helina sp. (Muscidae); Scatophaga stercoraria (Scatophagidae),DIPTERA:  Helina sp. (Muscidae); Scatophaga stercoraria (Scathophagidae)
2931,pollinators (AF),LEPIDOPTERA: 4 spp Hesperidae; 3 spp. Pieridae; 1 other sp,LEPIDOPTERA: 4 spp Hesperiidae; 3 spp. Pieridae; 1 other sp
2953,pollinators (AF),HYMENOPTERA:  Chysura sp. (Chrysidae),HYMENOPTERA:  Chysura sp. (Chrysididae)
2960,pollinators (AF),"HYMENOPTERA: Sp. (Scoliidae); Lassioglossum sp., Patellapis zonalictus (Halictidae); Apis mellifera (Apidae)","HYMENOPTERA: Sp. (Scoliidae); Lasioglossum sp., Patellapis zonalictus (Halictidae); Apis mellifera (Apidae)"
2969,pollinators (AF),"HYMENOPTERA: Dolichovespula sylvestris, Pollistes nimpha, Vespula germanica, V. vulgaris (Vespidae)","HYMENOPTERA: Dolichovespula sylvestris, Polistes nimpha, Vespula germanica, V. vulgaris (Vespidae)"
2970,pollinators (AF),"COLEOPTERA:  Dinoptera collaris, Rutpela maculata, Strangalia maculata, S. melanura (Cerambycidae); Oedemera virescens (Oedemeridae).  DIPTERA: Bombylius major (Bombyliidae); Sicus ferrugineus (Conopidae);  Empis livida, E. tesselata (Empidae);  Eristalis tenax, E. interrupta, E. pertinax, E. similis, E. tenax, Cheilosia personata, Volucella bombylans (Syrphidae);  Tachinia sp. (Tachinidae). HYMENOPTERA:  Apis mellifera, Bombus major, B. sylvestris, Nomada sp. (Apidae); Lasioglossum laevigatum  (Halictidae).  HEMIPTERA: Lygaeus saxatilis (Lygaeidae).  LEPIDOPTERA: Lasionycta imbecilla (Noctuidae); Boloria eunomia, B. selene, Melitaea athalia, Melitaea diamina, M. sp. Proclossiana eunomia; Vanessa cardui (Nymphalidae);  Papilio machaon (Papilionidae);  Aglia urticae (Saturnidae). ","COLEOPTERA:  Dinoptera collaris, Rutpela maculata, Strangalia maculata, S. melanura (Cerambycidae); Oedemera virescens (Oedemeridae).  DIPTERA: Bombylius major (Bombyliidae); Sicus ferrugineus (Conopidae);  Empis livida, E. tesselata (Empididae);  Eristalis tenax, E. interrupta, E. pertinax, E. similis, E. tenax, Cheilosia personata, Volucella bombylans (Syrphidae);  Tachinia sp. (Tachinidae). HYMENOPTERA:  Apis mellifera, Bombus major, B. sylvestris, Nomada sp. (Apidae); Lasioglossum laevigatum  (Halictidae).  HEMIPTERA: Lygaeus saxatilis (Lygaeidae).  LEPIDOPTERA: Lasionycta imbecilla (Noctuidae); Boloria eunomia, B. selene, Melitaea athalia, Melitaea diamina, M. sp. Proclossiana eunomia; Vanessa cardui (Nymphalidae);  Papilio machaon (Papilionidae);  Aglia urticae (Saturniidae). "
2980,pollinators (AF),"COLEOPTERA:  Peritichia 2 spp. (Scarabaeidae).  HYMENOPTERA:  Hemipepsis hilaris, H capensis (Pompiliidae). ","COLEOPTERA:  Peritichia 2 spp. (Scarabaeidae).  HYMENOPTERA:  Hemipepsis hilaris, H capensis (Pompilidae). "
2996,pollinators (AF),DIPTERA:  Moegistorhynchus longirostris (Nemestrinidae); Pangonius sp. (Tabinidae),DIPTERA:  Moegistorhynchus longirostris (Nemestrinidae); Pangonius sp. (Tabanidae)
3051,pollinators (AF),"HYMENOPTERA: Hemipepis capensis, H. hilaris (Pompiliidae)","HYMENOPTERA: Hemipepis capensis, H. hilaris (Pompilidae)"
